Timestamp,Frame Number,Exercise Name,Heart Rate,RR Intervals,leftElbow,rightElbow,leftShoulder,rightShoulder,leftHip,rightHip,leftKnee,rightKnee,leftAnkle,rightAnkle
2026-03-06T12:54:01.421217,1,Jumping Jacks,101,0.598|0.578,176.12244187240054,173.13661752555012,13.457239410471733,26.654872610325945,122.95403107319848,112.22654746594142,28.06926960886034,32.70481674346409,137.25098976354292,176.8536573435557
2026-03-06T12:54:01.522126,2,Jumping Jacks,101,0.598|0.578,176.12244187240054,173.13661752555012,13.457239410471733,26.654872610325945,122.95403107319848,112.22654746594142,28.06926960886034,32.70481674346409,137.25098976354292,176.8536573435557
2026-03-06T12:54:01.827386,3,Jumping Jacks,101,0.598|0.578,157.66078646945437,153.68123711214523,25.672859367737882,27.717616690787676,174.43402062575134,174.63818507328125,175.6416934331477,172.68265307552755,172.21770177106112,171.90485396681436
2026-03-06T12:54:01.917800,4,Jumping Jacks,101,0.598|0.578,155.88924453057166,151.6948592524317,26.739728493487828,29.203791148886527,170.23925406677844,174.60147184785959,179.485300811449,173.664439382106,167.09271583936734,169.26732602754893
2026-03-06T12:54:02.019363,5,Jumping Jacks,101,0.598|0.578,160.15192913333786,148.95156313059047,30.52649546238971,30.33217139153638,171.55739032913917,175.3824283359984,172.62221965998617,175.35314622578596,173.53694371131206,167.80702280425683
2026-03-06T12:54:02.123510,6,Jumping Jacks,101,0.598|0.578,161.61858215084231,154.71328806257026,30.01118075651451,28.125473780259828,173.16785852293114,176.13313857517593,171.198623654976,173.82875571040944,178.77371131237754,166.49856203034545
2026-03-06T12:54:02.225546,7,Jumping Jacks,101,0.598|0.578,154.87292364870004,150.07823183238997,30.575054492855582,33.69103526237569,173.46425335766028,172.00702521401274,172.88225029369627,176.47021197251456,175.83826632031835,164.9611881657201
2026-03-06T12:54:02.327405,8,Jumping Jacks,101,0.598|0.578,155.6003161824223,151.7544155752508,30.20662930170175,29.42067562619699,168.95030278853827,177.02074422917244,178.2144937803817,174.42528663181074,167.37778362630473,168.2349953991614
2026-03-06T12:54:02.430889,9,Jumping Jacks,101,0.598|0.578,157.04961279762423,149.1523188260347,27.228412844623293,30.384726103488006,169.77113276339577,173.94199803553647,179.4005858916553,176.7481886949738,170.26612345392735,162.86191465965047
2026-03-06T12:54:02.516021,10,Jumping Jacks,101,0.598|0.578,154.20643639274883,152.02782694844606,27.211914633800546,30.9225639136738,174.49953087601384,172.8142857360266,174.64486150737707,178.24128942751028,168.34837495385798,170.20211525383945
2026-03-06T12:54:02.626645,11,Jumping Jacks,101,0.598|0.578,157.3495721783468,152.09477721565295,26.234010109978012,28.755083786403667,173.26946627675952,173.20586109048043,174.6240237574786,176.34873055239058,168.04721939988028,166.373148323429
2026-03-06T12:54:02.726021,12,Jumping Jacks,101,0.598|0.578,158.67077651762753,150.3789685603468,27.58988751423617,29.113055159320677,168.98350179640744,174.8724155968694,179.08285914879843,174.69631502088592,170.38985838838093,168.12398124667982
2026-03-06T12:54:02.821770,13,Jumping Jacks,101,0.598|0.578,159.14501161600836,150.07449461556445,28.021132657101084,29.232635821949405,168.96887768897076,173.79796443589672,178.64637551950867,176.28581333752473,170.48555422970747,167.40100602402993
2026-03-06T12:54:02.920168,14,Jumping Jacks,101,0.598|0.578,159.2700936774639,149.75028320747217,27.908597677753136,29.089542171615108,168.69191213420524,173.8261525731595,178.609972862864,176.22746794017405,170.79807430616384,170.5656888553613
2026-03-06T12:54:03.024628,15,Jumping Jacks,101,0.598|0.578,156.97295711575126,146.04772713138456,29.011848149224342,29.460858959056942,168.93834312506976,175.2759327560432,176.68219161671203,176.85730815139996,174.04883120471052,167.46806708270324
2026-03-06T12:54:03.127143,16,Jumping Jacks,101,0.598|0.578,155.17536233166945,148.19596794405925,29.15934758307338,27.900316999814983,169.4649351658548,174.85185509515787,179.8126222989467,175.51168316216982,170.0258369539935,167.57997756504247
2026-03-06T12:54:03.229746,17,Jumping Jacks,101,0.598|0.578,155.96106644039128,151.451753294416,28.065577741236382,27.674627783175666,170.7245592049311,173.7388691066468,179.891097389546,176.75518407110096,168.11904437758972,166.92127275132242
2026-03-06T12:54:03.313966,18,Jumping Jacks,101,0.598|0.578,157.27767548920465,150.38248565024375,27.4031147686855,28.712389183665138,169.561320724252,174.47392304072173,179.98692167471037,174.8590422073913,165.46904546188807,169.9039900222418
2026-03-06T12:54:03.414025,19,Jumping Jacks,101,0.598|0.578,156.5966574618553,150.7427919913144,27.47602395263184,29.09935040953401,169.8960323678363,174.28656016324945,178.93335558666877,175.26033693161952,167.93191728143714,167.3725372604058
2026-03-06T12:54:03.522830,20,Jumping Jacks,101,0.598|0.578,156.74960145318468,150.86339669669792,27.589857470356943,29.336602223493333,169.98948194601434,174.02223150934702,178.7738800495216,175.27289868863332,167.64988292405346,168.0200659607152
2026-03-06T12:54:03.631759,21,Jumping Jacks,101,0.598|0.578,157.9822396034282,151.07307355037952,26.577954976980905,29.170424198716038,170.24614071853733,174.22695917479183,178.9182652665707,174.76033440938517,167.55673303625179,169.36844509096733
2026-03-06T12:54:03.721954,22,Jumping Jacks,101,0.598|0.578,157.3941557422838,152.19830277179418,26.937962347561488,30.413640158101153,173.07343175545782,173.59167877135846,175.8910508666825,175.31518238500544,164.01731669777507,166.66281884706927
2026-03-06T12:54:03.826854,23,Jumping Jacks,101,0.598|0.578,164.06238412011132,157.90777410719784,24.94011013835751,28.220055724919664,173.8698059744427,173.64350985654482,175.9603368532931,174.50690772109337,164.6712599614972,168.16841479799297
2026-03-06T12:54:03.925321,24,Jumping Jacks,101,0.598|0.578,164.06238412011132,157.90777410719784,24.94011013835751,28.220055724919664,173.8698059744427,173.64350985654482,175.9603368532931,174.50690772109337,164.6712599614972,168.16841479799297
2026-03-06T12:54:04.017372,25,Jumping Jacks,101,0.598|0.578,170.94896900592272,177.16365753718287,27.194530525280506,26.31817084421134,173.17147619925683,173.99870322895347,175.96661739178435,174.98303554205225,165.90704442425826,167.77418537998804
2026-03-06T12:54:04.124371,26,Jumping Jacks,101,0.598|0.578,169.48794512063054,179.6979707448819,28.44759812600965,27.92597300188434,170.85738570997364,174.15183010676654,178.2904405573982,174.80160197917616,165.73511062581053,167.828829189648
2026-03-06T12:54:04.218739,27,Jumping Jacks,101,0.598|0.578,169.96255906809262,177.62106010373546,27.791489240889483,27.020076591409218,173.049901919389,174.48403504516136,174.32492966057856,174.45942469524937,170.7004375520076,168.04960580212904
2026-03-06T12:54:04.317515,28,Jumping Jacks,101,0.598|0.578,169.98572547192043,179.86082383779583,28.17157546412284,27.59147665659543,172.69968655204082,174.08152587261364,171.8340315106817,174.5331287240351,172.6021037072576,166.64885700986284
2026-03-06T12:54:04.417294,29,Jumping Jacks,101,0.598|0.578,173.35511622891903,171.18736258759313,26.877437480731235,26.247472235383995,170.56679486726338,173.57822258153791,176.00106781843218,175.3094255018876,170.10080343537436,164.94841778297177
2026-03-06T12:54:04.515592,30,Jumping Jacks,101,0.598|0.578,173.35511622891903,171.18736258759313,26.877437480731235,26.247472235383995,170.56679486726338,173.57822258153791,176.00106781843218,175.3094255018876,170.10080343537436,164.94841778297177
2026-03-06T12:54:04.623732,31,Jumping Jacks,101,0.598|0.578,152.00432830450904,162.35498508235509,44.73007481060097,53.75745475243021,169.76757580291303,172.4960779541955,178.3705009216425,179.5847393842341,165.58491723131675,158.09823034681216
2026-03-06T12:54:04.733464,32,Jumping Jacks,101,0.598|0.578,157.026214529686,149.13408098756548,63.70582480931839,61.810542930280725,168.72890627499538,172.75776278658677,175.07978703508064,175.4422911959095,170.78712129916514,168.69775446522127
2026-03-06T12:54:04.822205,33,Jumping Jacks,101,0.598|0.578,147.47978672852227,146.4530771367424,88.1965537160794,85.52684177776469,162.00452733598817,164.81538238223007,172.21221700686274,173.13547676061353,167.19014859757598,170.68053828740597
2026-03-06T12:54:04.929767,34,Jumping Jacks,101,0.598|0.578,135.41922226132326,134.1605151488584,112.18763574369844,109.7794103316675,152.0022935829103,152.6346325361468,170.3769300115828,175.19226751193187,173.5973702354576,162.7099729095846
2026-03-06T12:54:05.023047,35,Jumping Jacks,101,0.598|0.578,82.41510765251611,81.7130309031461,129.74368152075817,126.43253746423713,147.90210526837262,141.43679238997208,164.2287968016722,176.5536390787851,162.17485611173726,175.38956567654276
2026-03-06T12:54:05.130264,36,Jumping Jacks,101,0.598|0.578,96.58451074428257,89.41325222324616,134.81765117669855,132.5834734459046,149.37947867968657,139.39513243477415,162.20746014493622,172.11068512052083,159.21859265530253,167.73656196658018
2026-03-06T12:54:05.228064,37,Jumping Jacks,101,0.598|0.578,145.03982206075125,144.41115678609813,114.80648881982556,119.95867188190746,150.88860141813987,141.65087840341855,170.293232101431,171.40385816667757,172.10386808984148,165.91771904251365
2026-03-06T12:54:05.327414,38,Jumping Jacks,101,0.598|0.578,175.93384620326498,179.39468943563608,91.42456825704865,101.33177688034061,159.3741683030371,155.46196304133773,174.70827606436384,173.93802021309097,158.32882394069577,162.4705042963683
2026-03-06T12:54:05.421049,39,Jumping Jacks,101,0.598|0.578,164.90833661259947,65.94685604412555,79.24403613845321,63.724817781725505,165.91868619467917,168.9236346561213,177.27969507454353,178.74595363575506,177.76830084845074,160.96624834299192
2026-03-06T12:54:05.522749,40,Jumping Jacks,101,0.598|0.578,148.50082088717167,175.12369086056924,33.18301632703557,27.176284851044976,169.03981912932716,175.95295347786944,179.81012953526812,175.2056651145269,177.69046367749348,156.27105132301068
2026-03-06T12:54:05.621403,41,Jumping Jacks,101,0.598|0.578,175.21308986404074,169.35686613856544,27.584782655427155,22.173376009258444,172.98817176068454,175.70783504051474,177.28277539331148,171.20552368483573,175.4970474462429,147.79035567983198
2026-03-06T12:54:05.725697,42,Jumping Jacks,101,0.598|0.578,115.7184877344583,137.61041660059306,29.74344145068346,23.430601377634,169.71360157773958,174.97332954449934,178.45861472886926,177.64656347064786,173.96379440507195,159.60090491559612
2026-03-06T12:54:05.825155,43,Jumping Jacks,101,0.598|0.578,138.65048558219257,136.752545193413,55.630977568691534,56.0069744668688,164.8163461579761,172.72127612487552,170.9871691877046,167.8664082125657,140.48541122199046,175.58704502259417
2026-03-06T12:54:05.924015,44,Jumping Jacks,101,0.598|0.578,120.97551546046586,120.42133016681191,100.38947352141847,85.94751892378794,153.6654581237946,164.2003185595543,171.79264717342807,169.64356183199703,173.55122434624514,163.66255932960425
2026-03-06T12:54:06.032414,45,Jumping Jacks,101,0.598|0.578,68.90124507940423,77.9501680710974,122.08125776710332,118.73925470540578,149.9606772226551,150.39384730801385,163.64641657143602,173.5855332928537,154.97951145729112,178.6658768261935
2026-03-06T12:54:06.124829,46,Jumping Jacks,101,0.598|0.578,65.69500429416254,75.86540000339906,138.83696322222943,136.43211093245685,151.59571540447277,138.71830129787983,157.1167154966588,168.9485488722795,141.61120287248437,159.0805274254025
2026-03-06T12:54:06.226048,47,Jumping Jacks,101,0.598|0.578,87.50623152363322,133.58965301090723,127.42394861257719,121.4364273074934,150.46007462995001,139.25473895686866,160.08044016182185,163.84881815136498,150.6764527335036,152.4255390236571
2026-03-06T12:54:06.328800,48,Jumping Jacks,101,0.598|0.578,144.02372720302918,169.19720126517544,102.71095862579362,92.20412560195949,150.78910132670975,151.6805068866911,173.35885636521365,178.5387291738815,176.65998401809802,154.08209712881674
2026-03-06T12:54:06.433445,49,Jumping Jacks,101,0.598|0.578,178.29970859569096,170.99382143496533,78.36489257587078,70.498759585833,163.79247761437202,165.71289296496587,171.38920541641914,179.97437958122396,174.09068871759527,151.98037416673765
2026-03-06T12:54:06.527471,50,Jumping Jacks,101,0.598|0.578,178.29970859569096,170.99382143496533,78.36489257587078,70.498759585833,163.79247761437202,165.71289296496587,171.38920541641914,179.97437958122396,174.09068871759527,151.98037416673765
2026-03-06T12:54:06.632551,51,Jumping Jacks,101,0.598|0.578,174.0110708557367,177.5049484187937,24.746860325479098,23.403406782402104,174.16773917403447,178.6338344318777,175.3051736106928,179.23301121005244,169.76083524476812,149.94627761992288
2026-03-06T12:54:06.724431,52,Jumping Jacks,101,0.598|0.578,179.69259612657874,178.61580567808372,25.078593099209186,30.70421721998823,173.53266696777177,175.38051594057694,172.04564990556463,179.33706372945886,164.0617778461897,160.33498607882072
2026-03-06T12:54:06.835388,53,Jumping Jacks,101,0.598|0.578,141.54545841182204,142.97466835481174,41.62157954268233,42.40836762390918,171.5114601654863,171.19553081163895,173.14344460517268,170.56985271877812,162.48179822853405,175.44303999879097
2026-03-06T12:54:06.924401,54,Jumping Jacks,101,0.598|0.578,137.42163653552342,134.4190020603546,65.57692264642473,66.72244474460295,162.3448151420155,161.7095593044726,176.77565985309263,169.66397519167995,168.07169911670331,170.29590789996584
2026-03-06T12:54:07.034180,55,Jumping Jacks,101,0.598|0.578,117.6193885150165,106.7044758394817,93.24592170051886,87.13227405702241,149.7983053257567,152.098092795457,177.65307096920972,174.3452021225264,176.17599082205774,177.47211414274815
2026-03-06T12:54:07.123287,56,Jumping Jacks,101,0.598|0.578,59.10480396112216,61.477435871730336,117.56247526588494,124.63668297108659,146.4841220798743,146.211448456915,169.723096520265,171.93813608173014,161.83586993700254,167.23974744016826
2026-03-06T12:54:07.225385,57,Jumping Jacks,101,0.598|0.578,69.58254113865088,68.61505250330568,111.46401646749102,122.62815552527651,146.4649283446594,149.66614898830863,170.26923626049685,172.79067535848426,164.70193475346267,174.52791681907874
2026-03-06T12:54:07.333644,58,Jumping Jacks,101,0.598|0.578,127.14982788227766,131.91784785542708,84.381114504857,100.16377895004472,150.98355273524865,154.490252536771,173.1196248772741,174.42681287409758,177.12246469311003,172.41510037480566
2026-03-06T12:54:07.430812,59,Jumping Jacks,101,0.598|0.578,161.11365201134717,3.8010975502241893,68.45605384459951,75.21144726474174,163.53351419355707,166.43462634601227,169.3634830645193,172.38442853824952,179.32704300851262,150.56444135360036
2026-03-06T12:54:07.533376,60,Jumping Jacks,101,0.598|0.578,164.86754767144134,110.71206562123875,47.48175498615139,49.245890089931386,162.61040222830192,173.47774282728324,174.28976861129206,178.61703553767157,178.52671307155995,160.78798036220724
2026-03-06T12:54:07.625839,61,Jumping Jacks,101,0.598|0.578,168.42204546853034,167.68308862081076,24.924113717030316,28.393255239067,174.894354178004,177.1527836422255,179.5575032868187,179.5591421389753,171.08196599307544,146.37134555375167
2026-03-06T12:54:07.730203,62,Jumping Jacks,101,0.598|0.578,174.13971641067343,174.98545411525438,25.32838010453177,25.808214879238264,173.39677297235482,176.4183143859662,176.92720431434248,179.33349037669174,158.79971847133191,144.67374837107405
2026-03-06T12:54:07.833102,63,Jumping Jacks,101,0.598|0.578,128.319858400701,138.28412427663048,42.90944305669027,33.13318994619341,172.61125753556385,171.53329053813002,179.6259491418784,178.99815876744336,176.38821231582222,168.32077105056516
2026-03-06T12:54:07.931875,64,Jumping Jacks,101,0.598|0.578,136.76691686037,128.16459211757174,61.690097130757536,58.551474038592076,170.38948588442656,164.98464281491135,170.74355127579756,167.65848489995614,177.59344028289325,163.7863619809512
2026-03-06T12:54:08.027004,65,Jumping Jacks,101,0.598|0.578,139.9806581024772,122.51890087559397,102.68379283766114,96.57495076292639,159.63676563628601,152.234762427787,172.22100137816597,176.61405047022166,174.82655325578818,167.5292338961976
2026-03-06T12:54:08.134584,66,Jumping Jacks,101,0.598|0.578,86.81980074094123,83.36482903658386,123.03670704553039,118.73104961721953,151.52507850341257,147.45823950092918,173.72634841805024,167.84586522129604,163.16020235090176,165.33460956807644
2026-03-06T12:54:08.236092,67,Jumping Jacks,101,0.598|0.578,74.57710924492308,80.38834657999162,126.54405605964415,123.89316894591133,151.7727404532175,147.94705083874337,171.17714820146674,169.9699087316552,168.68438521108072,178.34461228890066
2026-03-06T12:54:08.326675,68,Jumping Jacks,101,0.598|0.578,147.75921828575125,153.39196563560517,118.11747691733883,110.65807148431237,152.57271239187716,149.10450409777215,175.60648224247672,177.9289660749426,174.78046103806082,170.19293775025744
2026-03-06T12:54:08.433583,69,Jumping Jacks,101,0.598|0.578,171.33789571614705,8.994126162333709,95.05624258875831,92.92996329674524,160.38534140425088,156.337941765314,173.30553589500312,177.93203390700006,179.53543648549189,154.89065871940616
2026-03-06T12:54:08.534975,70,Jumping Jacks,101,0.598|0.578,173.34446059454277,63.699796708768154,68.16052102876904,48.435553155109524,165.28142752545952,167.64680671776128,176.84940612207873,177.53985361741823,178.24685955448203,171.58053808621762
2026-03-06T12:54:08.629772,71,Jumping Jacks,101,0.598|0.578,172.75582959043342,173.1091013468912,26.941320066945426,26.24700135246207,172.66902974019376,174.55439022484165,178.52012620549704,179.51114079023142,172.23988773887,153.44633873172606
2026-03-06T12:54:08.726466,72,Jumping Jacks,101,0.598|0.578,171.57766700174795,178.6158562909587,25.910631261148783,27.135261333549455,171.45012522275476,173.21405658107403,174.58281986543025,171.09744852493716,173.7320747603747,140.45951529853878
2026-03-06T12:54:08.835452,73,Jumping Jacks,101,0.598|0.578,175.07892476517296,73.53085219145704,24.33429780234788,24.24266464150893,171.24204126030108,173.30818655777327,178.09605528963309,178.05399391576398,179.4497721584514,159.28710298182565
2026-03-06T12:54:08.938218,74,Jumping Jacks,101,0.598|0.578,159.37128516473913,120.4953849961791,54.851524740857926,51.105921681486464,167.79644626575998,170.372023475682,178.5181944106211,170.22304032862957,163.7901003654546,178.4826678120638
2026-03-06T12:54:09.031630,75,Jumping Jacks,101,0.598|0.578,120.05741712637031,123.28640378881951,91.68011629157971,88.52790673190458,162.38295396791452,164.68175717841513,170.0875316768672,168.03237076132214,164.16115509535155,172.1941941285119
2026-03-06T12:54:09.138290,76,Jumping Jacks,101,0.598|0.578,111.219848806478,108.38003417260678,116.61859268775666,115.32315303030889,155.91399471331496,156.15457738173694,165.969031935986,165.70199805490506,163.95248671377325,163.9296536279661
2026-03-06T12:54:09.239181,77,Jumping Jacks,101,0.598|0.578,111.219848806478,108.38003417260678,116.61859268775666,115.32315303030889,155.91399471331496,156.15457738173694,165.969031935986,165.70199805490506,163.95248671377325,163.9296536279661
2026-03-06T12:54:09.335976,78,Jumping Jacks,101,0.598|0.578,100.56570587148052,83.10419870082929,123.27738685172274,135.40873272456597,155.6314701154619,149.45459950385523,164.54625739158791,167.93835302244977,159.5935208181767,177.47197173204984
2026-03-06T12:54:09.431868,79,Jumping Jacks,101,0.598|0.578,151.86729482549612,150.1261759671575,102.94083358098483,110.05027694640799,157.35898111305124,150.8911699854166,168.119426529128,176.93078750728148,159.17127724599666,166.53640708547786
2026-03-06T12:54:09.539867,80,Jumping Jacks,101,0.598|0.578,177.50169525709953,7.820464159062476,80.04999717587883,91.80351918832832,162.15985213597818,164.27966115822665,178.90382048456416,171.77170431651112,171.11853946666037,154.21319378541074
2026-03-06T12:54:09.640979,81,Jumping Jacks,101,0.598|0.578,170.5868297070673,0.19494562175859886,56.47863726414678,55.62137149048647,165.98588339479116,172.20249884333774,170.69170268080322,177.43749755451944,176.02217164910525,166.09763916073808
2026-03-06T12:54:09.736918,82,Jumping Jacks,101,0.598|0.578,172.03345674991556,173.99774763205576,26.527117498315178,27.846998600200504,172.72732202926684,176.8959126691445,177.09200054675028,179.22792082081963,166.27516031824206,155.41243942147287
2026-03-06T12:54:09.833334,83,Jumping Jacks,101,0.598|0.578,175.0921331971682,177.07736227973652,24.187273240750294,27.2032558383588,171.7579359775683,176.1337241632237,179.65083814122335,179.42316599620216,177.93184622870868,153.78222161672926
2026-03-06T12:54:09.934519,84,Jumping Jacks,101,0.598|0.578,132.94117029635365,147.7162536663844,32.390476135394245,31.89141366103645,170.33182655364203,170.7714592933804,173.299760724783,177.52368113471152,162.4563686987723,177.331267122847
2026-03-06T12:54:10.032767,85,Jumping Jacks,101,0.598|0.578,125.03084432653714,125.71874489963777,60.605070317329606,67.0990665312926,166.7777981972427,162.04558905178766,165.69173920810712,171.73477574927045,166.11531721372612,167.09345398120067
2026-03-06T12:54:10.131244,86,Jumping Jacks,101,0.598|0.578,88.21471460943172,107.9244505601807,100.21442814873777,95.96528472071901,154.80661689707546,155.68513177018033,165.91401446440457,172.39520104679627,165.26451284479072,175.26749257348072
2026-03-06T12:54:10.228191,87,Jumping Jacks,101,0.598|0.578,52.013145400678745,63.82909330992153,134.09447759419743,129.26342920080748,154.17556939982606,149.01940356240195,159.6513655074638,167.91408664015907,152.79975558756604,168.13682159279074
2026-03-06T12:54:10.329203,88,Jumping Jacks,101,0.598|0.578,69.86244439165144,73.13020108785362,125.46354806742633,126.38749082220521,155.9322509730895,146.78446092813573,160.96889797778363,173.62215423650753,152.36946617253273,178.92467740697876
2026-03-06T12:54:10.444183,89,Jumping Jacks,101,0.598|0.578,144.2279871856267,140.73401892383922,104.53469619205444,101.15271539919118,156.94931023745323,148.5791804385468,170.6412427375297,178.81537749101955,178.1627103077362,164.5804167832534
2026-03-06T12:54:10.534676,90,Jumping Jacks,101,0.598|0.578,167.63799996715733,1.8350888591425147,72.88006088549885,76.24485974490811,165.01040348563026,162.18218423028807,172.5597869191335,176.03425017715628,179.23727901226715,157.6868157808469
2026-03-06T12:54:10.639383,91,Jumping Jacks,101,0.598|0.578,152.20399877692884,128.41594865957984,57.20340403904472,43.91871121053988,168.9326465794974,170.37571582070876,178.52294166516668,178.43239409803294,170.20783540785675,149.47412452954697
2026-03-06T12:54:10.715805,92,Jumping Jacks,101,0.598|0.578,152.20399877692884,128.41594865957984,57.20340403904472,43.91871121053988,168.9326465794974,170.37571582070876,178.52294166516668,178.43239409803294,170.20783540785675,149.47412452954697
2026-03-06T12:54:10.800916,93,Jumping Jacks,101,0.598|0.578,168.47508599119948,175.8354467507136,27.383435805684506,19.45419214043863,172.58548476680642,174.95465166929012,176.73575908144602,179.23978841517643,171.8725689233035,148.79593118636765
2026-03-06T12:54:10.900010,94,Jumping Jacks,101,0.598|0.578,172.52833531950282,172.43399700235923,28.756479962097774,30.587064263061382,169.13553075755593,170.57679258128775,178.75577320202558,178.08946388345757,176.0525307306301,153.70193696287225
2026-03-06T12:54:11.014350,95,Jumping Jacks,101,0.598|0.578,130.85619428168732,105.85433035440951,63.46573728063803,52.86489337943024,168.060654438908,163.17909818169667,171.05739890886088,169.63944303510252,173.99678058244925,163.64482942535065
2026-03-06T12:54:11.123530,96,Jumping Jacks,101,0.598|0.578,109.14788236016926,108.73561359891859,101.40546726664017,98.96492151395687,155.64197785911088,154.07202758614582,170.6264137748932,173.5437211277717,165.53423878224947,168.38655482817933
2026-03-06T12:54:11.204724,97,Jumping Jacks,101,0.598|0.578,63.43639861857229,60.46357413707857,125.92230251817128,130.06764917391706,153.73528550611505,147.04686598200038,167.82492640215054,169.06204116132835,162.4794362831925,170.3926649906367
2026-03-06T12:54:11.307385,98,Jumping Jacks,101,0.598|0.578,63.43639861857229,60.46357413707857,125.92230251817128,130.06764917391706,153.73528550611505,147.04686598200038,167.82492640215054,169.06204116132835,162.4794362831925,170.3926649906367
2026-03-06T12:54:11.416618,99,Jumping Jacks,101,0.598|0.578,108.6393184380123,109.70705743133635,111.68374142282126,111.87316364045142,154.51959460875298,148.50551708149527,168.46479804410563,175.10639699158884,164.5799956620902,175.10210631243942
2026-03-06T12:54:11.513478,100,Jumping Jacks,101,0.598|0.578,157.22888809597464,164.30354053257983,87.71272248046364,86.34754095323484,161.41734683605563,162.02307394886094,173.12077399923564,179.3182243955857,177.2036075658336,147.73194490195667
2026-03-06T12:54:11.602070,101,Jumping Jacks,101,0.598|0.578,158.38172728767518,36.88496245639614,65.95475657121018,65.78612177567238,172.09433130991243,172.07494600649486,178.87242408234926,176.0521349893111,178.48790355300318,159.45534769803047
2026-03-06T12:54:11.712916,102,Jumping Jacks,101,0.598|0.578,169.46673258363833,168.55425242784548,35.49683170529286,34.411585022743296,176.14766366613705,176.41271808739643,175.95909113731938,173.88683680925794,178.36615736209694,140.72306254896665
2026-03-06T12:54:11.808563,103,Jumping Jacks,101,0.598|0.578,178.49701142851043,177.43910823277236,22.165196786354194,25.000318486987315,171.85792612950652,174.32820403294193,179.6541289039481,169.92442789088085,179.17782744510276,135.1363431351287
2026-03-06T12:54:11.909473,104,Jumping Jacks,101,0.598|0.578,178.49701142851043,177.43910823277236,22.165196786354194,25.000318486987315,171.85792612950652,174.32820403294193,179.6541289039481,169.92442789088085,179.17782744510276,135.1363431351287
2026-03-06T12:54:12.014564,105,Jumping Jacks,101,0.598|0.578,140.72255502471748,128.37885583058917,53.6540022295384,49.43613123001267,162.9632862380611,162.47266776190227,173.0265840948459,172.08642398488905,179.310194976767,177.44598802267353
2026-03-06T12:54:12.112888,106,Jumping Jacks,101,0.598|0.578,121.22514928844483,113.40408345194751,77.9754368299936,76.75791214916816,151.18868247599747,152.43408498671542,174.32120196302014,178.38004346100502,164.8355770141246,172.5877870101242
2026-03-06T12:54:12.213607,107,Jumping Jacks,101,0.598|0.578,82.90433780592531,85.1016066769514,113.0790020036805,111.40495218177118,145.54440186271395,147.343878560192,169.36646525165142,171.3961751372659,154.2204837444346,168.48480858225182
2026-03-06T12:54:12.302746,108,Jumping Jacks,101,0.598|0.578,64.84165626820011,59.84893213113727,114.98690166423214,117.46994839259105,151.68362655719216,147.7410689969364,162.23402489926715,171.8262786100818,148.98853023678473,176.32661584983666
2026-03-06T12:54:12.402024,109,Jumping Jacks,101,0.598|0.578,101.2023316528856,113.1502480315276,98.5462897858582,103.20989469786232,153.9611256707551,148.37744185674262,168.43307445963814,177.9144498090291,160.44313739729776,173.45664849272353
2026-03-06T12:54:12.510110,110,Jumping Jacks,101,0.598|0.578,144.7556804789223,166.3393597080982,82.95766994429648,90.01409993686022,163.69912537706594,156.11919876087265,169.83987653407127,173.24421929740424,173.6187840314674,148.8208933681263
2026-03-06T12:54:12.616383,111,Jumping Jacks,101,0.598|0.578,162.079814846603,165.70597210046157,68.34084546014337,66.66713092365742,168.39561906409992,162.89662032784892,176.6209041667596,177.81180721416754,172.41923166678637,160.67074664500782
2026-03-06T12:54:12.713371,112,Jumping Jacks,101,0.598|0.578,162.079814846603,165.70597210046157,68.34084546014337,66.66713092365742,168.39561906409992,162.89662032784892,176.6209041667596,177.81180721416754,172.41923166678637,160.67074664500782
2026-03-06T12:54:12.808704,113,Jumping Jacks,101,0.598|0.578,171.81938483031357,178.67555652022943,24.297030282223748,19.955753738943862,175.91326679776247,171.86777834098163,173.95310376793373,176.12534555422133,162.11059230500243,137.04566513284095
2026-03-06T12:54:12.916047,114,Jumping Jacks,101,0.598|0.578,165.5657281256041,161.32444173996316,22.038944943318434,24.723323171413757,172.19304982772516,171.3251274741157,176.57088939533506,179.41075333803622,177.9963684029895,156.02281983027535
2026-03-06T12:54:13.016468,115,Jumping Jacks,101,0.598|0.578,142.17510943370382,112.01092249960328,45.88216272466598,33.547404163622815,168.0190644305438,163.6038176702819,171.80967363934565,168.67881305361587,146.41234620976712,159.8501535238746
2026-03-06T12:54:13.100633,116,Jumping Jacks,101,0.598|0.578,129.85022351845316,121.33772265868191,74.60434137859156,72.19345322843418,157.22359621905153,151.90276600337603,172.06784955832777,175.4653503338132,168.27748942626226,168.86136705767035
2026-03-06T12:54:13.216215,117,Jumping Jacks,101,0.598|0.578,101.73322838912514,96.57349181365934,107.75608024971557,100.41508982032896,147.8790184917594,146.7240725302253,171.70284291888132,174.1049217323864,156.9998651737393,169.6873379878969
2026-03-06T12:54:13.307544,118,Jumping Jacks,101,0.598|0.578,62.388087901637924,68.1812735961905,116.86662673962486,119.9233396950275,146.1084641003729,146.35965651290147,173.48758861784967,173.72782934214428,159.56929521906477,177.06737393831926
2026-03-06T12:54:13.410639,119,Jumping Jacks,101,0.598|0.578,99.35970872146697,118.34893733756836,103.73303180732347,108.21540632138407,148.17336719566748,150.75324575079347,174.46252530308513,177.50222792141076,163.66336875313982,174.97842139914715
2026-03-06T12:54:13.504841,120,Jumping Jacks,101,0.598|0.578,147.34685225456118,72.03143171547502,85.2914348451687,86.79185324914245,154.73862576922627,161.748303316979,171.97584455031858,171.9124899294567,169.67700432466464,175.34099321721106
2026-03-06T12:54:13.602805,121,Jumping Jacks,101,0.598|0.578,170.66881612058847,147.18722667473847,73.67674846261788,70.18138789612354,162.6591704931875,170.2855693771526,176.49162235925874,177.78113090727203,167.47154456092113,174.94851892748304
2026-03-06T12:54:13.709110,122,Jumping Jacks,101,0.598|0.578,167.8750241874493,168.6600021283921,34.65941484739077,34.65529475323676,170.20881137973782,172.80250226169895,176.22685090197,175.2970611728923,173.96453774480625,154.73490629968143
2026-03-06T12:54:13.807346,123,Jumping Jacks,101,0.598|0.578,179.46912128963703,178.40180517200298,22.618032802281213,26.296826322204254,171.3702043752026,174.72373770640553,177.53368297790016,173.00890606329244,174.3120554866175,145.67044176300394
2026-03-06T12:54:13.909707,124,Jumping Jacks,101,0.598|0.578,178.21303797190845,175.863629159017,25.902744271375887,30.270316820741783,167.40693303484258,173.7605216004094,176.3241684177176,178.0199923741286,167.29584943866402,164.04895945811631
2026-03-06T12:54:14.010048,125,Jumping Jacks,101,0.598|0.578,128.69431993866652,136.18340371668748,43.456514566075306,56.05984640338471,164.1717723383684,166.68057636793094,172.36983912302378,171.67402469172458,173.35075520222873,179.84706203434624
2026-03-06T12:54:14.115335,126,Jumping Jacks,101,0.598|0.578,127.9131341448258,128.83609319111912,88.09329853955413,91.08613645650327,154.37056205874515,158.41005695715054,171.34208044416258,171.04863712439283,175.05693196447686,167.19643442981902
2026-03-06T12:54:14.212940,127,Jumping Jacks,101,0.598|0.578,99.17487164388821,100.15753204195133,120.25083614964342,117.25486987174604,150.6459141779228,150.09847982481554,170.86210683296358,164.01085048453646,171.56803888158407,158.0641108809938
2026-03-06T12:54:14.316893,128,Jumping Jacks,101,0.598|0.578,56.04904223817159,63.46887316595454,130.01846851860626,132.02302593407413,147.18361009264285,145.77184355067877,175.7734120140804,170.4089376621544,170.70024954329762,168.2986084864686
2026-03-06T12:54:14.419398,129,Jumping Jacks,101,0.598|0.578,79.39687060864468,102.48873592530477,120.07108287476333,120.81861530922565,152.39800865119767,146.60013653353133,173.69619408252225,175.19231872309706,169.28473108683448,177.02723237286025
2026-03-06T12:54:14.509935,130,Jumping Jacks,101,0.598|0.578,143.66824795558358,5.228700173636885,97.89762319119882,92.48846826883032,158.69060379428174,155.70503919637108,175.689110260601,177.22184151216084,178.94472589956803,167.89066853162956
2026-03-06T12:54:14.609106,131,Jumping Jacks,101,0.598|0.578,143.66824795558358,5.228700173636885,97.89762319119882,92.48846826883032,158.69060379428174,155.70503919637108,175.689110260601,177.22184151216084,178.94472589956803,167.89066853162956
2026-03-06T12:54:14.710667,132,Jumping Jacks,101,0.598|0.578,137.18212368169088,176.1346117001655,58.572451591097874,28.4098257450033,174.50281236637386,174.60056969950875,176.04688046682867,173.02507805331734,178.00930911636067,148.9112849147703
2026-03-06T12:54:14.807984,133,Jumping Jacks,101,0.598|0.578,175.4869043067166,172.9572427020103,25.170297585190443,24.248661413902767,175.6919576526825,173.42334335968468,175.51602577066922,171.49224046240116,172.3087074531864,136.20124116316134
2026-03-06T12:54:14.902099,134,Jumping Jacks,101,0.598|0.578,160.56349258236992,179.92086292525212,25.09243571444105,33.67044431248607,175.1497227491669,171.54668582581184,172.14454469948853,177.67624535930344,167.0172139648085,169.4329227238622
2026-03-06T12:54:15.017624,135,Jumping Jacks,101,0.598|0.578,132.4825842392932,126.16690881195572,41.856774638177306,57.691983195738224,170.404328122293,165.22307985628547,167.6088500091918,171.3767579049784,160.99563810662403,179.07381220891853
2026-03-06T12:54:15.115559,136,Jumping Jacks,101,0.598|0.578,129.246851378301,125.14861938420226,86.08583714959273,96.35089699795223,157.3661490550292,157.27920681982906,168.66785231369784,175.3956777908376,164.09770814893014,174.78751849293675
2026-03-06T12:54:15.210186,137,Jumping Jacks,101,0.598|0.578,108.51608797932957,107.58731709222883,120.64081279427532,124.82487605830572,152.09472495346037,150.09980781279424,162.74453431169056,165.90908310236904,161.34568072447763,156.92715612471156
2026-03-06T12:54:15.316933,138,Jumping Jacks,101,0.598|0.578,77.25471440142057,80.18880692751075,132.64443167538633,133.56430173116664,150.2227897326639,147.35008795666596,162.16003661089016,169.0639303626391,162.81776413793727,158.57169812988286
2026-03-06T12:54:15.422223,139,Jumping Jacks,101,0.598|0.578,129.31383618405226,127.63719490664057,123.83736468590101,122.14331025845436,151.75243395473865,148.25785187868516,170.03239239480652,175.31332181281647,162.7461788130518,177.76517963758616
2026-03-06T12:54:15.520567,140,Jumping Jacks,101,0.598|0.578,129.31383618405226,127.63719490664057,123.83736468590101,122.14331025845436,151.75243395473865,148.25785187868516,170.03239239480652,175.31332181281647,162.7461788130518,177.76517963758616
2026-03-06T12:54:15.623750,141,Jumping Jacks,101,0.598|0.578,179.98947296760323,33.25638515431617,81.08374987101757,87.23914318325419,163.94243065780057,165.1741815911305,174.223739570021,178.48705527748712,164.70795710535086,154.39669140703205
2026-03-06T12:54:15.714285,142,Jumping Jacks,101,0.598|0.578,147.5597814419508,168.13337368591465,45.30437131038557,42.59666122036967,166.4492920131411,173.354554580399,176.52120776346743,169.67597944037004,174.96183349880343,141.81196951378243
2026-03-06T12:54:15.822547,143,Jumping Jacks,101,0.598|0.578,177.29791958749664,175.89392544394406,19.905572664490457,19.554879873835226,170.0908965061457,178.4440976264194,179.9828328315462,168.62376389313133,176.84849974883747,121.15847703559189
2026-03-06T12:54:15.918689,144,Jumping Jacks,101,0.598|0.578,176.1370185277933,172.4779585547502,30.883954764317433,32.16212461445327,166.59068152882014,176.70887650484198,179.79460034983128,174.85650168797173,173.3695148250394,144.75572740603866
2026-03-06T12:54:16.020774,145,Jumping Jacks,101,0.598|0.578,88.29745605678698,69.71672549581203,43.87467214369692,49.811366312273655,166.7045603357948,171.28106438891152,170.53531686406254,173.80139044494848,159.32814781388535,174.2597051355341
2026-03-06T12:54:16.110911,146,Jumping Jacks,101,0.598|0.578,118.78032570668445,123.34344578563822,81.13109745064335,87.15904780675243,159.62026966076837,161.4105383655386,168.67299588774128,173.71627229125423,167.2012583493792,175.48856396988708
2026-03-06T12:54:16.215316,147,Jumping Jacks,101,0.598|0.578,84.67941016199971,96.07412341233639,109.02618015499208,113.481623997594,151.31378425123629,149.1955837422272,169.1230421576973,171.46082031222284,157.6736909001484,177.5371865248564
2026-03-06T12:54:16.312356,148,Jumping Jacks,101,0.598|0.578,65.15484243093105,61.705649050877135,133.1351566371429,140.1922137917985,153.1726400870451,142.14002949662012,155.88946013845026,176.61840886144174,139.93989329685974,176.97714643926926
2026-03-06T12:54:16.417324,149,Jumping Jacks,101,0.598|0.578,99.3024481395713,94.3034755947074,118.49395201881241,129.85063682868892,155.5932572770643,142.06167805046385,156.17749962192897,178.37429924425484,138.6936083872079,174.12487606171015
2026-03-06T12:54:16.517142,150,Jumping Jacks,101,0.598|0.578,149.42435348780702,47.40345445993021,87.69151566820234,98.49724128471199,158.15315698582714,147.9354299094715,166.7732659872604,174.60156069568583,168.3948480229586,178.00998136057765
2026-03-06T12:54:16.612080,151,Jumping Jacks,101,0.598|0.578,170.43813260572327,176.15318747763266,67.88952238953075,77.16349088464341,165.36323014146433,160.76444322597038,168.9139614989885,175.62477927667163,168.78824308539188,168.96376992073968
2026-03-06T12:54:16.717390,152,Jumping Jacks,101,0.598|0.578,178.08403994263486,162.27973061565353,28.694337588439435,38.69600601085046,167.60677425419237,172.3253339592565,179.4668353883477,179.8650380990948,175.0580054072948,169.40657414703978
2026-03-06T12:54:16.812603,153,Jumping Jacks,101,0.598|0.578,173.06780335822202,176.7068459573152,21.74693724545657,17.922522287471065,168.21941965456162,177.71061323181425,179.6885974189121,176.15711113521087,176.52881860335054,147.2646117216746
2026-03-06T12:54:16.916534,154,Jumping Jacks,101,0.598|0.578,171.82969688752704,167.89361411617276,27.670327095623733,31.130803053373235,168.36838275840918,175.25998422423535,175.4408998793073,177.67628554192757,166.9461457018009,155.77052060137743
2026-03-06T12:54:17.018190,155,Jumping Jacks,101,0.598|0.578,119.99005792898879,22.97478802539734,34.4269118915027,29.66261494542438,164.23494345402915,168.52973609437433,174.09874910140047,178.93571823270554,139.9721262124961,165.54518987515823
2026-03-06T12:54:17.114401,156,Jumping Jacks,101,0.598|0.578,105.20479425019946,110.09584523628057,71.68384228280878,66.81966582115152,155.81192016391668,158.750633127714,173.44652502986014,176.05801795467937,169.0184755145402,145.7935888044656
2026-03-06T12:54:17.219302,157,Jumping Jacks,101,0.598|0.578,79.70601525179464,105.07924665683458,98.89670221547875,100.44091530246921,149.3899358667319,147.58864990356687,166.93734921915163,177.03478660607726,150.35533897422118,173.27568692831971
2026-03-06T12:54:17.324928,158,Jumping Jacks,101,0.598|0.578,50.26515320826961,62.093425372358155,128.9431160615903,122.98306669012639,149.76291091205343,143.23951764243463,159.70206288335515,173.76852381090586,149.95287232707264,178.8377394234112
2026-03-06T12:54:17.439564,159,Jumping Jacks,101,0.598|0.578,61.86294947197199,74.84032980815813,117.0817638901531,116.29941121130156,153.06011358244496,142.78935412894492,160.055621467753,175.09324751274707,150.97185218733117,174.96776521581387
2026-03-06T12:54:17.516628,160,Jumping Jacks,101,0.598|0.578,61.86294947197199,74.84032980815813,117.0817638901531,116.29941121130156,153.06011358244496,142.78935412894492,160.055621467753,175.09324751274707,150.97185218733117,174.96776521581387
2026-03-06T12:54:17.618662,161,Jumping Jacks,101,0.598|0.578,168.99491963394425,175.71765206345978,72.07847319372983,81.06703563117442,166.61162477462733,163.07493360679032,174.14675927599936,173.66701728847687,178.26865633957837,161.74585228153035
2026-03-06T12:54:17.715855,162,Jumping Jacks,101,0.598|0.578,172.84398334171027,167.32261241635194,49.43248003936198,48.64940397590397,171.81056809472065,173.11534761165504,179.31310501279216,178.06396220146073,179.69577490949303,156.24463476411717
2026-03-06T12:54:17.818779,163,Jumping Jacks,101,0.598|0.578,176.62743479363,177.9626840496817,25.7313243912089,25.302467500476777,174.4177830560288,176.66281229429524,176.4152494082229,177.38811189064162,170.39038056638358,142.98645499208646
2026-03-06T12:54:17.924568,164,Jumping Jacks,101,0.598|0.578,164.64667169700382,178.37048742944128,23.145034037878293,26.65080069668285,171.2037896217056,175.033698166754,177.35793181029743,174.21784627915235,175.07473474326488,144.09223337000176
2026-03-06T12:54:18.023425,165,Jumping Jacks,101,0.598|0.578,141.5182777466491,142.19340283150933,33.570448989254366,36.31416289422166,165.138638074653,169.01111474906145,174.83398939635998,173.53565617802886,163.69782276823176,168.5197975432906
2026-03-06T12:54:18.117202,166,Jumping Jacks,101,0.598|0.578,134.34139345085998,135.2179412562592,60.693073254384956,56.00620922893175,160.0868137611765,161.47464840897217,167.98017876450393,178.1495662291847,163.70425601527273,168.74952639993506
2026-03-06T12:54:18.223961,167,Jumping Jacks,101,0.598|0.578,127.27198718626597,125.38357050110844,92.77852617819761,80.70063020410231,150.69108658849737,156.04919882400924,166.30924041796288,171.3882921394739,146.88814051254988,178.52832235708928
2026-03-06T12:54:18.321762,168,Jumping Jacks,101,0.598|0.578,103.60838014472753,119.69367761689738,123.09012716597742,114.08972779915415,145.88607551681375,148.0908041856557,157.4212210729255,173.5525179889429,138.77344972916285,174.05483683490124
2026-03-06T12:54:18.425340,169,Jumping Jacks,101,0.598|0.578,86.98131756779846,99.16311229677889,121.55326466061958,118.04001770931914,147.69711508452008,147.60302314977318,160.08572459576283,170.22476319509718,141.7378670155045,171.08234749397164
2026-03-06T12:54:18.529981,170,Jumping Jacks,101,0.598|0.578,135.68153846721364,144.10686224477953,108.4647854106448,102.77528107757388,149.89471435732958,149.13888622080646,169.0124775160821,177.57553389562665,156.81636858482554,171.18707889472293
2026-03-06T12:54:18.624601,171,Jumping Jacks,101,0.598|0.578,159.54731745130445,169.71674539138982,88.35033155179676,87.50346529969394,159.97599440815483,156.97517512826434,174.83215048411068,179.74109727641394,177.43004644867094,147.75225600995287
2026-03-06T12:54:18.726449,172,Jumping Jacks,101,0.598|0.578,7.635367211960228,164.53405151821548,78.88264555373169,68.61513129342535,165.29165777878137,165.4420017879573,177.7140812931819,173.57624158713645,174.40010559181152,158.57971702318417
2026-03-06T12:54:18.816572,173,Jumping Jacks,101,0.598|0.578,173.68986489178903,171.00192141446493,41.189189530197076,34.46975242272939,170.50437740707977,175.6519368502504,173.60623860396407,174.2656708783978,175.70640337912874,151.73256811465265
2026-03-06T12:54:18.927098,174,Jumping Jacks,101,0.598|0.578,171.7017364358989,176.05685295422617,22.78893347843017,20.950639974833173,170.5497258719363,178.085226952381,172.84610546244537,178.31916490100744,179.82904201353816,152.95033979236038
2026-03-06T12:54:19.021432,175,Jumping Jacks,101,0.598|0.578,147.57733987420377,173.71347662395618,20.388355107991117,28.183313733722713,168.41793396029186,176.42980385319768,173.2494295387325,178.77270153557984,170.64264417079403,167.4977785317056
2026-03-06T12:54:19.125172,176,Jumping Jacks,101,0.598|0.578,129.9427074303666,146.32751599668694,39.67262160254074,52.80378244057738,167.05637216396724,166.08515811983327,168.01675387093044,172.19206303139092,177.3608089084076,179.66035373268673
2026-03-06T12:54:19.207273,177,Jumping Jacks,101,0.598|0.578,121.38384293810502,123.42853572617632,72.71657561183858,77.15745436535575,157.92485874573433,155.96652213377402,170.29191032340168,172.60047664608987,169.32596736993372,170.49123022611673
2026-03-06T12:54:19.328769,178,Jumping Jacks,101,0.598|0.578,106.59045027603771,116.31440642651921,95.09213190142076,100.34720741389803,154.7339138307387,153.74969566042498,166.7577201819225,164.03979851590904,155.90912629184405,161.10145897880565
2026-03-06T12:54:19.427025,179,Jumping Jacks,101,0.598|0.578,106.59045027603771,116.31440642651921,95.09213190142076,100.34720741389803,154.7339138307387,153.74969566042498,166.7577201819225,164.03979851590904,155.90912629184405,161.10145897880565
2026-03-06T12:54:19.524092,180,Jumping Jacks,101,0.598|0.578,98.54654141606781,96.30874612457038,111.53956415007303,112.90578951729196,152.03153577041516,148.5011959838848,164.84876817121912,171.4303074625356,152.9970413056924,173.61243218593145
2026-03-06T12:54:19.626051,181,Jumping Jacks,101,0.598|0.578,146.32151113651418,144.92935705025928,83.56133549406759,87.39326415343028,156.46997724367174,157.11603588359256,173.14488301745396,174.56932738936428,177.08653980039784,153.18549183480337
2026-03-06T12:54:19.719838,182,Jumping Jacks,101,0.598|0.578,169.2849135847995,171.83690705720662,71.7617351260998,71.44730460772263,165.08631213527423,165.19102497206657,169.58118597499168,177.34961273692318,167.6110327006738,151.1515641763842
2026-03-06T12:54:19.823153,183,Jumping Jacks,101,0.598|0.578,171.82541321419328,176.8042271180929,40.50865534026005,41.81608790612467,166.60786364318454,172.99072997994296,174.79163181659916,167.745459643806,164.48525600447445,152.98137009166456
2026-03-06T12:54:19.929950,184,Jumping Jacks,101,0.598|0.578,172.72432044438565,173.5710942964683,19.611161078174,18.180891419614323,171.4169552236085,176.54661474970618,169.95422464274066,164.59568328812892,164.48786441535555,139.52841883685252
2026-03-06T12:54:20.024448,185,Jumping Jacks,101,0.598|0.578,172.72432044438565,173.5710942964683,19.611161078174,18.180891419614323,171.4169552236085,176.54661474970618,169.95422464274066,164.59568328812892,164.48786441535555,139.52841883685252
2026-03-06T12:54:20.122986,186,Jumping Jacks,101,0.598|0.578,150.6831137356243,179.88709581021152,30.08506051212235,31.331873397529666,159.8717281624292,172.54353914102532,175.87242200004297,177.3457758202104,152.77129032496597,169.04127777749795
2026-03-06T12:54:20.237756,187,Jumping Jacks,101,0.598|0.578,118.76175451559563,116.78062527070482,61.68378211530997,63.34819266201661,155.25935775389084,164.7481164959387,170.56338555679298,171.81604076256542,173.6463911182158,171.19948539634282
2026-03-06T12:54:20.323709,188,Jumping Jacks,101,0.598|0.578,96.59183078087867,120.60722816809782,98.24337601684688,100.97307178528547,146.00163478978573,155.89242188282148,164.51125092637582,167.10686085149848,151.3036235951505,168.2422024934376
2026-03-06T12:54:20.425192,189,Jumping Jacks,101,0.598|0.578,59.18092408691161,60.797147480113836,125.50096674168536,125.58198123863743,148.9018261132256,149.74852456203857,152.99987119790416,166.93698708982706,129.1463203711135,170.5761695208532
2026-03-06T12:54:20.530084,190,Jumping Jacks,101,0.598|0.578,84.3490802731855,92.91262722195412,121.27856228884342,127.03182201720745,150.6545841602993,146.75056529313014,155.55210234545342,172.41940444301198,127.15057173272619,179.3132706244122
2026-03-06T12:54:20.628918,191,Jumping Jacks,101,0.598|0.578,133.20689018667014,154.47641502535194,91.3635355325011,100.35619169040038,151.92105781221696,151.1552351208271,166.30409237134148,176.95246624242486,149.6774347922548,164.98390117162285
2026-03-06T12:54:20.730782,192,Jumping Jacks,101,0.598|0.578,133.20689018667014,154.47641502535194,91.3635355325011,100.35619169040038,151.92105781221696,151.1552351208271,166.30409237134148,176.95246624242486,149.6774347922548,164.98390117162285
2026-03-06T12:54:20.826645,193,Jumping Jacks,101,0.598|0.578,157.34079235718204,35.93157836265347,44.975087535372396,50.88114045746883,165.0334588777815,171.91660355012195,179.05617318385754,178.21000337250172,172.78154908993835,167.19122139490733
2026-03-06T12:54:20.929985,194,Jumping Jacks,101,0.598|0.578,177.88479617407023,172.69656867226942,21.380721876347124,14.087149482299015,169.87393478099617,176.09823688030815,178.60641212183168,175.02604826722526,172.7098473885756,154.33920428608505
2026-03-06T12:54:21.033737,195,Jumping Jacks,101,0.598|0.578,162.88380241269988,160.53316411681945,25.22398105180286,23.629762164081228,170.2063419997546,175.67227706274184,170.1354739698883,171.37172161372578,164.16852321093745,148.5130068639707
2026-03-06T12:54:21.136488,196,Jumping Jacks,101,0.598|0.578,140.05194542101322,141.41529874950962,46.08882759961718,41.03072035323753,170.98326872217024,168.52279660463762,175.91160806749684,178.39013592685322,169.17223863400213,176.74831243386737
2026-03-06T12:54:21.224317,197,Jumping Jacks,101,0.598|0.578,130.44432717657745,137.88375385748895,66.74470486948007,71.18620844091026,165.31103658575964,162.10635023058856,172.54944109468482,172.41467217901175,176.78601988983638,171.98060411640395
2026-03-06T12:54:21.326192,198,Jumping Jacks,101,0.598|0.578,124.31783634614342,104.77941820164499,103.0434354829545,95.44757815984241,156.63667320251506,151.20919230247608,166.83665225580285,168.74450096036568,158.91214702270437,169.88720446703394
2026-03-06T12:54:21.429427,199,Jumping Jacks,101,0.598|0.578,63.351972255416506,75.17963081816275,125.29559624448554,128.9173685052931,151.39904525979495,142.66299567861014,163.72950685843213,164.5252965683052,134.08432061965868,155.0322393058107
2026-03-06T12:54:21.530618,200,Jumping Jacks,101,0.598|0.578,80.04522480099375,85.0770929156014,122.50799127278242,128.89280759743448,151.85010018124999,142.00070307060636,162.33662832768707,166.83078090723112,135.67340249929154,161.0542193272093
2026-03-06T12:54:21.622949,201,Jumping Jacks,101,0.598|0.578,128.31932027930793,148.16511845583474,104.25101639596717,108.43536332128596,153.03144361664704,142.79828381055484,166.4314712818079,177.2434299415774,146.1149570088687,177.41277955390245
2026-03-06T12:54:21.723544,202,Jumping Jacks,101,0.598|0.578,161.51656880623358,164.31546888623473,74.2171899978244,82.37319701330762,162.58920374813815,153.2193728645776,169.92376331806688,177.66237869355643,169.2254987776683,153.59066581260572
2026-03-06T12:54:21.823866,203,Jumping Jacks,101,0.598|0.578,173.40670683984405,177.64880962067215,44.7885014435747,52.8154757702216,168.62916852676886,165.91345164900724,177.44860838546987,175.02667547260745,174.14678711763105,168.89841944419504
2026-03-06T12:54:21.927947,204,Jumping Jacks,101,0.598|0.578,173.40670683984405,177.64880962067215,44.7885014435747,52.8154757702216,168.62916852676886,165.91345164900724,177.44860838546987,175.02667547260745,174.14678711763105,168.89841944419504
2026-03-06T12:54:22.033204,205,Jumping Jacks,101,0.598|0.578,164.44677487754927,165.19939604045948,23.25364789155634,21.10897448220236,174.26794036465907,177.4390242145201,174.60742770182617,173.5775438209586,175.03352999551967,146.39566152554573
2026-03-06T12:54:22.142376,206,Jumping Jacks,101,0.598|0.578,146.34063350165914,139.72515945603928,30.942700324316103,41.31239926840324,171.20744509279282,175.6564940399159,178.2941195292174,179.4663545930478,176.51427049322677,156.5444880019566
2026-03-06T12:54:22.226599,207,Jumping Jacks,101,0.598|0.578,122.37949635821022,132.88128314407433,53.43311168893331,61.98860614031996,167.18637562423064,165.79607155335938,167.8865671570902,171.43193985539733,169.96927586772537,156.99678166035778
2026-03-06T12:54:22.338976,208,Jumping Jacks,101,0.598|0.578,103.56089528033898,110.53515215730503,86.55810827372208,89.1237698286499,153.82960814031256,156.41288420861815,175.0373021789768,167.10088647141376,164.8030646372959,175.72400451293305
2026-03-06T12:54:22.431774,209,Jumping Jacks,101,0.598|0.578,86.47033702465453,72.81356421151847,123.44229029315903,116.85404236405394,146.43247646234065,147.50580298702013,164.5000823900358,167.661159890808,139.73499590316334,163.62597325276323
2026-03-06T12:54:22.534773,210,Jumping Jacks,101,0.598|0.578,74.23879844015386,71.48487728034691,124.6811363404597,123.87629084928933,147.68336211648165,146.2640578012763,164.62165004409835,169.12805950755566,144.28692386531296,166.20095561746643
2026-03-06T12:54:22.627970,211,Jumping Jacks,101,0.598|0.578,122.17229486093579,133.9419495166582,105.25613565508843,108.12537799961214,149.2083333815494,146.5789705767262,173.93455292392034,172.8613249514171,158.14550643806342,176.13210484777872
2026-03-06T12:54:22.730615,212,Jumping Jacks,101,0.598|0.578,152.9907549455719,172.96861303275554,78.72491548330544,84.81593714210766,154.73350481325267,157.83155958430677,179.62308425546814,170.11750720973592,175.14761681057558,177.02581117338116
2026-03-06T12:54:22.832213,213,Jumping Jacks,101,0.598|0.578,167.20236257311512,171.6068754988023,58.88029383672832,69.95230799175899,161.9763678944336,163.93519456862688,178.3028319343691,174.00320792861388,173.1329986771302,167.048360815644
2026-03-06T12:54:22.936176,214,Jumping Jacks,101,0.598|0.578,175.7423902987962,162.24696981881516,30.286928316271922,30.881041000637612,167.96581507035555,172.45699974517603,178.82580968468432,178.2791863725723,179.95551962084812,161.02469825140716
2026-03-06T12:54:23.034716,215,Jumping Jacks,101,0.598|0.578,171.5914207097836,177.8614032765161,22.72895687689644,18.369405555876664,167.08286695530415,174.9470981278554,174.56064999656326,178.8464964296041,176.85583450570962,162.87514565080326
2026-03-06T12:54:23.129976,216,Jumping Jacks,101,0.598|0.578,161.80669917922054,139.54731457713913,28.000171209860113,23.178295629526737,165.38359967392782,173.44239669714034,176.2491806386452,179.15397923910444,173.04816804716432,173.7109470613518
2026-03-06T12:54:23.240523,217,Jumping Jacks,101,0.598|0.578,129.38468768143755,134.6666763367595,52.93930614442097,50.0940673623122,166.00621244887466,166.45985963753475,168.6114807271132,173.98715701831145,170.77084336694384,167.69663467058774
2026-03-06T12:54:23.339341,218,Jumping Jacks,101,0.598|0.578,117.83003140366976,112.06045931897766,82.49851273975918,78.57830637251139,158.7878819505574,158.16395305410032,168.70287046441223,171.21555059069217,165.08478139358706,172.8501180689108
2026-03-06T12:54:23.436758,219,Jumping Jacks,101,0.598|0.578,117.83003140366976,112.06045931897766,82.49851273975918,78.57830637251139,158.7878819505574,158.16395305410032,168.70287046441223,171.21555059069217,165.08478139358706,172.8501180689108
2026-03-06T12:54:23.534719,220,Jumping Jacks,101,0.598|0.578,57.91172490254699,66.63342466280892,131.81779001302195,132.30864493953484,150.1860844238979,145.8366114216035,168.1778704773445,175.26783517556933,160.6540495566869,179.09748817945382
2026-03-06T12:54:23.639335,221,Jumping Jacks,101,0.598|0.578,89.65723227885256,102.27084243289184,116.40464185303435,116.41494799677518,153.46712312426646,145.55918844956972,170.5489856624253,179.29241830013171,165.11042955361827,179.8839997080741
2026-03-06T12:54:23.729980,222,Jumping Jacks,101,0.598|0.578,147.70283345854492,161.7580839419661,92.6894350364876,92.91500120592607,159.3411853885069,154.15832469991597,170.6331839163324,179.9535989106441,176.5665136237447,145.95481404701763
2026-03-06T12:54:23.829413,223,Jumping Jacks,101,0.598|0.578,164.37245809280896,157.5816254551503,72.95153511207059,71.45095343573387,168.54898733261624,164.88280606156715,165.25711324605166,173.89409233058967,158.5020093149034,138.28837153429507
2026-03-06T12:54:23.936980,224,Jumping Jacks,101,0.598|0.578,178.3229111630545,162.91756748790357,45.19534674650272,35.30554176389692,170.52953368476417,171.48819505125365,172.16161976088583,168.3119799583079,169.41161179636129,154.49716277636
2026-03-06T12:54:24.036914,225,Jumping Jacks,101,0.598|0.578,177.17098410056153,178.04880725405062,21.49596171943557,22.524064281908313,173.3335548102241,172.2039289354511,171.2715013357376,159.61634304489766,167.44340511180224,136.69438434215246
2026-03-06T12:54:24.132694,226,Jumping Jacks,101,0.598|0.578,160.85665443925495,161.8520109979803,29.135143713766475,32.46812634283496,173.00080350197976,170.6663429195123,167.31795849197513,167.9651024303214,159.24291508197268,155.42381636479325
2026-03-06T12:54:24.238918,227,Jumping Jacks,101,0.598|0.578,136.81094574804885,130.56491458927684,50.22580069435304,45.277647088502434,164.19790615543334,169.543877346042,171.1859155535007,172.0459595389287,157.51912009211878,169.65659267747657
2026-03-06T12:54:24.335064,228,Jumping Jacks,101,0.598|0.578,136.81094574804885,130.56491458927684,50.22580069435304,45.277647088502434,164.19790615543334,169.543877346042,171.1859155535007,172.0459595389287,157.51912009211878,169.65659267747657
2026-03-06T12:54:24.439503,229,Jumping Jacks,101,0.598|0.578,102.98539374311493,88.31323033782122,112.47161661581629,106.05860273993952,147.54332938274885,152.86848018682466,161.706463290132,169.93517763188987,159.24445874448432,165.5086937130374
2026-03-06T12:54:24.533173,230,Jumping Jacks,101,0.598|0.578,67.58913231915238,59.46964565261222,123.2596042065392,123.1084203740954,142.7789372502798,149.56152179752567,167.9436979812255,172.37269339531167,169.37735029256393,177.0554257333505
2026-03-06T12:54:24.637669,231,Jumping Jacks,101,0.598|0.578,114.69119839497904,97.60985407923927,117.35260744261885,114.32267689286347,149.29953070970762,146.39045709086528,170.7115342408178,178.04892802880525,175.7260210717871,179.69833456777334
2026-03-06T12:54:24.734388,232,Jumping Jacks,101,0.598|0.578,154.7115396737606,154.3421254793045,89.92593809557437,91.25358666695479,154.50282920059934,153.73397382439546,175.1244795487788,174.9367624256488,173.62830032699983,165.22583461200458
2026-03-06T12:54:24.840427,233,Jumping Jacks,101,0.598|0.578,175.7025589191515,168.85477526700478,76.26121326334045,76.447773625772,165.09855152958912,163.22880250675664,169.73217697943323,177.90631901596328,158.5868643500008,168.06220150378863
2026-03-06T12:54:24.931729,234,Jumping Jacks,101,0.598|0.578,176.2849836709055,125.40023336833123,40.810503367641545,35.54409110257814,167.2673532230921,169.37032582375048,179.02427727629572,172.17355345258846,173.08112890734105,164.3426241719323
2026-03-06T12:54:25.043049,235,Jumping Jacks,101,0.598|0.578,172.2042960968567,174.73658224119433,19.860866272513228,18.59795864952863,171.80890251732683,175.03140320904856,179.09695182740526,167.55760863267224,168.9371923885696,154.18187522604637
2026-03-06T12:54:25.138033,236,Jumping Jacks,101,0.598|0.578,164.3533354886967,148.5220944379453,29.219554991248792,29.672143414192142,170.2552811917675,173.56338025683635,177.84271538503384,173.09503594918488,174.3385002620493,166.8075404725642
2026-03-06T12:54:25.250324,237,Jumping Jacks,101,0.598|0.578,122.19399588422135,30.544225752916116,46.55406105086953,33.48537843979009,164.49884339704974,170.6290529488512,173.30641361917571,176.3266702848409,153.14862698505144,173.74217949548023
2026-03-06T12:54:25.333155,238,Jumping Jacks,101,0.598|0.578,122.19399588422135,30.544225752916116,46.55406105086953,33.48537843979009,164.49884339704974,170.6290529488512,173.30641361917571,176.3266702848409,153.14862698505144,173.74217949548023
2026-03-06T12:54:25.433851,239,Jumping Jacks,101,0.598|0.578,108.18899426603437,106.88902325715888,111.42081560369427,109.08295774468924,142.79973155768437,156.79504559571924,171.10198543868398,168.46280086949324,168.06349782523253,166.14961130284402
2026-03-06T12:54:25.535090,240,Jumping Jacks,101,0.598|0.578,63.83888557041894,63.007470149067274,129.87713881873765,131.23487451154597,140.49823687786002,150.42239794851147,166.71417285344714,165.219392506129,156.90760010342754,170.0614673995508
2026-03-06T12:54:25.643124,241,Jumping Jacks,101,0.598|0.578,82.00087767255914,75.03675410739365,122.83383902810296,133.79013662542096,149.02726074048044,146.46537519131118,166.18328562630785,169.66168298030243,160.87374467311943,168.23560486479485
2026-03-06T12:54:25.741995,242,Jumping Jacks,101,0.598|0.578,145.28194382741893,148.90923452757707,100.62568635975013,113.20705551417127,151.601516935627,149.24552863998366,170.47525541001048,174.13590486006254,163.43805555544606,178.3275556197818
2026-03-06T12:54:25.837189,243,Jumping Jacks,101,0.598|0.578,152.75430253711298,171.56036199262633,81.68441542963613,98.66201162432243,160.03801333464034,157.04636404188153,175.5604441205597,177.90557518316396,176.02969426752568,156.2698115830505
2026-03-06T12:54:25.931363,244,Jumping Jacks,101,0.598|0.578,172.10071998242051,115.8781537365907,55.32830279907646,67.88646312427021,167.00938592347094,162.93526104186705,172.47895780561043,173.7320024561549,157.53403238216893,165.09328893558376
2026-03-06T12:54:26.033913,245,Jumping Jacks,101,0.598|0.578,168.00667604373484,140.01966818107533,31.606185494391262,33.51810473972678,164.6912269329427,171.05085391264382,175.46068975893564,166.29568829263903,171.53995750119853,149.49915415702878
2026-03-06T12:54:26.141900,246,Jumping Jacks,101,0.598|0.578,174.02520682770583,178.02722082140406,24.412026350720204,18.943764062008064,169.8052387223224,173.08237727039747,170.7608061122385,165.73763402899667,171.87208011042873,144.18439627594887
2026-03-06T12:54:26.252917,247,Jumping Jacks,101,0.598|0.578,159.733459252839,123.00922516870995,28.9865936258564,22.319685224547136,169.30894845090808,171.79569328830942,170.73804707202152,178.57894884018046,170.15477578867697,179.46005692479093
2026-03-06T12:54:26.340181,248,Jumping Jacks,101,0.598|0.578,130.8030679324532,121.14969571406006,51.307127985139374,46.342817124660264,164.72696036109147,167.33751191764256,170.0368843318147,172.2354023349107,166.0906971556794,162.25949023874497
2026-03-06T12:54:26.440945,249,Jumping Jacks,101,0.598|0.578,119.65730575787856,115.94631470607034,80.313457124961,73.48407896597973,158.06667380504555,160.1529288855954,164.49623746292477,172.89080621600556,162.37131557008522,167.95134691142957
2026-03-06T12:54:26.542692,250,Jumping Jacks,101,0.598|0.578,86.8478057872318,84.55361388188122,112.90131906197392,112.6019528466871,150.38655327380076,151.15943457988058,160.006322135646,172.24518763409975,154.0628949323282,166.2810889262245
2026-03-06T12:54:26.643477,251,Jumping Jacks,101,0.598|0.578,61.51113476014421,70.08392206043763,123.2444593877252,124.97869787521962,149.22485243916833,148.71835095747198,157.66912694227105,173.84671208713522,144.48051175891143,178.24309591295082
2026-03-06T12:54:26.744424,252,Jumping Jacks,101,0.598|0.578,116.11060494530484,134.44746441249092,111.65771844461611,117.41649283785351,149.20693722817012,149.2353508516684,170.9529225013747,178.01360803918655,160.7178960399773,176.34214940077055
2026-03-06T12:54:26.845138,253,Jumping Jacks,101,0.598|0.578,162.0634572020994,3.9250614146698477,92.51948140761777,96.8792254042576,154.17016747890523,157.29548702147562,174.2858005146994,176.77250453744674,173.2326392629981,157.16391934695005
2026-03-06T12:54:26.933194,254,Jumping Jacks,101,0.598|0.578,174.77724776033085,179.00960102192323,83.14996359041778,87.7250387059589,162.2774351787637,164.03141144552083,170.62945722580776,178.2301106688642,168.79432778602444,173.69403526436435
2026-03-06T12:54:27.036420,255,Jumping Jacks,101,0.598|0.578,176.23533653281058,87.25431622406077,50.270833217045244,57.340103907940204,167.58751809490005,169.93946014099515,171.8699927920183,173.37238251264355,161.6962813617173,163.41541486333278
2026-03-06T12:54:27.139729,256,Jumping Jacks,101,0.598|0.578,159.76071586568662,61.75349290686712,22.614446912944057,25.002751675257485,169.83102243267248,172.43838348782623,171.92483290060756,163.51390855874982,178.86245233245756,144.39578347042553
2026-03-06T12:54:27.267910,257,Jumping Jacks,101,0.598|0.578,171.0260069510067,172.11225443617727,25.912634951988668,27.560606541207314,169.98717655960453,172.20562401148118,170.85908720906605,170.3198572351135,167.05043321425822,154.24312284163503
2026-03-06T12:54:27.346622,258,Jumping Jacks,101,0.598|0.578,171.0260069510067,172.11225443617727,25.912634951988668,27.560606541207314,169.98717655960453,172.20562401148118,170.85908720906605,170.3198572351135,167.05043321425822,154.24312284163503
2026-03-06T12:54:27.441055,259,Jumping Jacks,101,0.598|0.578,118.14610302913542,111.64813231845562,62.16980778412624,57.071461795789645,163.3036579607397,162.2371666283105,172.2327443204303,169.51676105725278,179.56126338958444,179.1948346894508
2026-03-06T12:54:27.553885,260,Jumping Jacks,101,0.598|0.578,101.65277781187933,101.28613360093594,96.74270679630547,91.13574903479605,152.69274435861436,152.69835168977974,173.32129343574832,170.3580292405437,175.37526345780807,175.3969631636554
2026-03-06T12:54:27.654311,261,Jumping Jacks,101,0.598|0.578,90.56931482083297,81.13844149216538,123.74270927659774,119.4029857371797,143.72741229552184,144.2779458756165,173.59445175782776,173.37762163913575,168.5041550192153,171.07289714498543
2026-03-06T12:54:27.742553,262,Jumping Jacks,101,0.598|0.578,89.68681186018124,80.75602566461853,118.1824888118193,116.17662627699193,147.4886603323929,146.8331607988847,171.3133571713632,171.63569017833188,171.51572987904643,177.21487646227948
2026-03-06T12:54:27.843221,263,Jumping Jacks,101,0.598|0.578,149.51860052926153,155.74565950525997,102.33517003541392,102.76048287611572,148.8849026058567,150.16624439281668,177.16649501288978,176.51530345865825,172.52965856650474,161.3130909746484
2026-03-06T12:54:27.937188,264,Jumping Jacks,101,0.598|0.578,172.46429345220974,167.14460626110494,85.49270856948908,88.10016381243814,159.91551128260878,156.78145456579824,171.70302309655952,178.98661401308064,176.4266722763005,142.32569723688232
2026-03-06T12:54:28.045387,265,Jumping Jacks,101,0.598|0.578,166.27605033398336,58.4077738525801,56.067181295271176,53.96476252519538,165.63127936259363,166.43827548597244,174.84985836312805,176.11927453840198,165.5640888906102,165.95278115418955
2026-03-06T12:54:28.140289,266,Jumping Jacks,101,0.598|0.578,165.91592628040337,179.92876044151123,31.45445967258789,30.217719458620678,165.29785784763345,176.56955942453118,176.35282140248745,167.2641321986843,173.79836174678127,150.95027188345247
2026-03-06T12:54:28.242355,267,Jumping Jacks,101,0.598|0.578,179.86390915569223,171.3092104857402,25.058824495571926,24.452628921352755,170.36942673464304,175.63765420741092,170.6301616002457,158.0884253632344,166.94313800103427,149.65557762729577
2026-03-06T12:54:28.346563,268,Jumping Jacks,101,0.598|0.578,141.1288871026658,173.1395453149176,26.86723199597439,28.869974017909357,168.5134664237609,173.69128422027472,171.4252796152417,165.50587418396503,157.65590598113792,150.56273811244506
2026-03-06T12:54:28.442904,269,Jumping Jacks,101,0.598|0.578,116.577689783137,121.50654660547792,47.01641911304283,50.45005820898194,165.42557137046663,167.49046399390613,170.00542203998438,173.48186072079508,176.4112389386401,177.10014688528332
2026-03-06T12:54:28.543831,270,Jumping Jacks,101,0.598|0.578,106.60513573181167,118.86932731860257,85.09149432151544,78.9505193407771,159.75412121474088,158.72100303534273,166.83194664990518,174.51326496938069,179.7285860154601,167.77006910076616
2026-03-06T12:54:28.636437,271,Jumping Jacks,101,0.598|0.578,87.56101269817988,84.68952085343449,116.98266837661077,109.2069757007394,151.4407745360976,149.39301738959347,165.94435233129803,173.36810953448042,157.90234101418548,176.2363401385384
2026-03-06T12:54:28.749213,272,Jumping Jacks,101,0.598|0.578,55.126461868644725,51.576482233760764,134.71939135945505,127.73930871907584,152.69482984018623,145.08849440365776,158.99950573173422,175.37821266919624,150.90591616225785,173.19999208444173
2026-03-06T12:54:28.847031,273,Jumping Jacks,101,0.598|0.578,83.12099174420929,68.96683787945524,130.3082472004609,125.91844132762566,153.68041923269774,143.68327854956794,165.7248592344529,178.83724189902824,157.50781039099707,165.22566221898185
2026-03-06T12:54:28.953688,274,Jumping Jacks,101,0.598|0.578,83.12099174420929,68.96683787945524,130.3082472004609,125.91844132762566,153.68041923269774,143.68327854956794,165.7248592344529,178.83724189902824,157.50781039099707,165.22566221898185
2026-03-06T12:54:29.041330,275,Jumping Jacks,101,0.598|0.578,124.81480389501338,140.58028772461498,101.13263868684787,101.04453699718535,156.2824679007915,151.22632549617921,171.89580507825127,174.12187507907072,169.57009972099303,178.9071658348651
2026-03-06T12:54:29.148139,276,Jumping Jacks,101,0.598|0.578,174.8641584264296,63.997305720700915,61.35372062864779,62.00033478912662,168.5819412248411,170.326675093891,170.69321923215884,172.4155392166267,165.96350316737588,168.75151725200752
2026-03-06T12:54:29.249604,277,Jumping Jacks,101,0.598|0.578,175.20720904441006,146.9904689175397,27.530930321820374,28.537752761440057,168.33700310927483,176.45976762605258,170.7075039773154,164.89512055082372,175.99526538247753,152.01864979220414
2026-03-06T12:54:29.346492,278,Jumping Jacks,101,0.598|0.578,176.66338738263775,170.34413002379338,27.63094535485168,22.68547110421427,167.14306287124285,177.17963886356904,172.49653295738554,170.01361590941107,167.94450472370684,154.17315802557624
2026-03-06T12:54:29.451508,279,Jumping Jacks,101,0.598|0.578,160.8876744510373,72.04851228331184,29.65694766532639,28.410397204495638,166.12490859973394,173.95141391053508,174.54537850622992,175.51508092657977,152.92026492450057,170.8364414233378
2026-03-06T12:54:29.553667,280,Jumping Jacks,101,0.598|0.578,118.30741453410614,109.54668336046024,54.274424327555195,47.10819071338283,163.64115097221998,166.41998630228028,168.36612245437902,171.49975772695655,149.90771231817476,167.56921850954765
2026-03-06T12:54:29.649051,281,Jumping Jacks,101,0.598|0.578,103.18122910828482,100.55970398543836,86.02764451810074,85.71682133381366,155.50197174894632,158.34389271966523,167.27248046259808,171.88378208727502,162.95759997003427,175.21314989800388
2026-03-06T12:54:29.751495,282,Jumping Jacks,101,0.598|0.578,72.67740216714077,67.64707929399272,120.00387731095296,116.00728664375212,148.80145031125394,154.93042842875565,158.26939638734254,166.95014737293616,151.2908021147502,158.71287762280127
2026-03-06T12:54:29.847377,283,Jumping Jacks,101,0.598|0.578,76.77821896139017,64.18311121242489,125.16137870860281,122.57620452962354,146.62613903665357,152.40606744235325,162.18237516239293,169.29347667866665,154.17354941484626,165.51671223715826
2026-03-06T12:54:29.947964,284,Jumping Jacks,101,0.598|0.578,140.13967461214594,134.25423386158292,106.5883374101079,109.05284574675505,148.23720686893222,151.4380417781018,171.69481468852666,176.84446712807886,163.404539924991,176.65747554484997
2026-03-06T12:54:30.054585,285,Jumping Jacks,101,0.598|0.578,171.20479567328857,165.19892545926066,78.4763324683241,88.6579344698728,154.10731219602636,159.2365212336522,177.68175404699306,175.35041399785655,173.7258888041618,155.05970191908503
2026-03-06T12:54:30.147127,286,Jumping Jacks,101,0.598|0.578,165.2231583379644,139.61592337372454,48.93954948648146,46.98069225189759,161.92105466777002,168.00772686787,170.72200790136776,175.44895139791038,152.41306659404987,162.5684025196172
2026-03-06T12:54:30.248108,287,Jumping Jacks,101,0.598|0.578,168.11683725075923,172.4054835469317,26.35616424889298,19.596862870190918,169.7653002432273,174.28338624946906,168.20063837550737,160.47842989459892,167.0542586057397,136.0343978405056
2026-03-06T12:54:30.342857,288,Jumping Jacks,101,0.598|0.578,178.4492304838522,178.47712851300082,30.043247164403194,24.53210676625198,167.01303462697823,175.1244998932569,171.89931597627742,161.28228697208144,177.4286427169309,134.73069572610757
2026-03-06T12:54:30.444684,289,Jumping Jacks,101,0.598|0.578,154.06326694300793,138.15091795437732,31.411828238905393,30.582251812399868,167.21030630026289,172.78735704259464,178.13095975175048,173.51550454555752,178.37427566304305,156.10973815710722
2026-03-06T12:54:30.545458,290,Jumping Jacks,101,0.598|0.578,121.13237526749208,133.40904096680143,48.9329942538883,54.002933843087355,168.98432964398583,166.05078831976564,169.5289844015319,171.40184583517174,166.75936823198674,169.5325741158315
2026-03-06T12:54:30.657008,291,Jumping Jacks,101,0.598|0.578,119.18677616819579,113.68446085697315,80.81983269087124,75.53726932293311,161.13023169469292,158.61196035378507,164.63639432974387,172.33845548820975,160.88259005642632,178.45630752823084
2026-03-06T12:54:30.755134,292,Jumping Jacks,101,0.598|0.578,88.78595484085923,81.88771048569743,110.75316471868837,109.5292572474972,154.13181841392645,153.32170651965555,157.48307066781922,165.88819240175042,146.65863321674533,150.05028547886403
2026-03-06T12:54:30.850716,293,Jumping Jacks,101,0.598|0.578,84.93658884985024,84.600185401319,126.90491721530744,124.90616439943167,151.06063640088175,150.32864267180295,155.09916252400834,167.334456519165,143.80189070595924,149.17868422092917
2026-03-06T12:54:30.953838,294,Jumping Jacks,101,0.598|0.578,124.87667448355268,130.6054678893462,113.57364295808642,118.0506724045335,153.35184067578265,147.47930051488066,159.49854788282963,178.30159590214234,148.25945071198413,164.9390851949373
2026-03-06T12:54:31.056793,295,Jumping Jacks,101,0.598|0.578,163.82378276724398,158.55146686043446,89.34759143850076,94.34150095965903,156.96678270944486,154.388347768516,169.30446592362557,176.2502654978535,166.2920657956939,175.92344760920247
2026-03-06T12:54:31.152637,296,Jumping Jacks,101,0.598|0.578,172.411956862399,2.1091166327321136,69.6997914733882,81.42643787555932,162.55068089855513,161.55197929838712,171.3704286574739,176.842978092437,147.55271216199057,177.90624184348565
2026-03-06T12:54:31.245682,297,Jumping Jacks,101,0.598|0.578,178.09465328117915,163.01388926630722,32.78879000112073,44.3073044913697,165.35149434712864,167.6292038601835,177.61917147389232,176.79288820481062,175.80633042769963,174.2946465438983
2026-03-06T12:54:31.352155,298,Jumping Jacks,101,0.598|0.578,176.78476047975266,119.55653966038544,20.61262484849419,23.832211886361037,166.9238827942557,173.06303408836067,171.88767387839957,172.6661243851177,177.93378631412688,160.5987482002271
2026-03-06T12:54:31.450009,299,Jumping Jacks,101,0.598|0.578,167.99216167420997,149.81817717504882,26.49440881135415,22.588306810863212,165.80855629728285,169.4890473613924,176.58417387438703,167.71881569583823,175.8809226004413,161.81917842899685
2026-03-06T12:54:31.544217,300,Jumping Jacks,101,0.598|0.578,139.92220240826865,137.72101088162376,34.208465749260135,26.472150471255585,163.54302486598377,165.9372822560133,173.19141153565374,177.57073302442893,145.91369054566846,179.81103021117605
2026-03-06T12:54:31.659472,301,Jumping Jacks,101,0.598|0.578,131.39447213407004,119.92618331102865,61.56795139753532,48.993339071304476,156.9585021890656,159.95778418357943,173.12351311807524,173.01372255722487,175.66380749624352,153.1942882549369
2026-03-06T12:54:31.759804,302,Jumping Jacks,101,0.598|0.578,106.91686284433135,108.15462185708155,88.47511540110031,76.88001254016531,150.1757755568772,150.75169716573376,173.347356670765,176.012765327087,168.38203772558748,178.38265993820963
2026-03-06T12:54:31.853462,303,Jumping Jacks,101,0.598|0.578,63.05383379299477,66.83816995042194,118.98612897710495,111.65924104687193,143.32160626720886,145.86146860214083,166.30735579183008,176.05258786099296,149.21880020845657,171.35824063378718
2026-03-06T12:54:31.954681,304,Jumping Jacks,101,0.598|0.578,56.92837339600163,68.9426273170346,112.16392083070521,109.36844150985218,149.43918127689497,144.11564530345132,165.67056896251924,177.10604645866988,150.0855061868144,173.49750997285616
2026-03-06T12:54:32.050686,305,Jumping Jacks,101,0.598|0.578,114.59080074173352,134.49650522597366,89.2424079016026,91.97461112077906,156.98781823769792,146.0968523825829,168.43128030762884,173.4203364991041,153.77920610297497,172.29713509864493
2026-03-06T12:54:32.156346,306,Jumping Jacks,101,0.598|0.578,157.17311765678502,161.5303235427086,69.84934830803807,74.09566690148577,166.56585034188424,156.54770829000228,169.6296072666917,177.9875783715558,176.4560120721798,160.99256890354198
2026-03-06T12:54:32.259341,307,Jumping Jacks,101,0.598|0.578,170.27029885762292,179.63621858147718,42.73086629647359,46.02771381152609,172.7489850008561,166.48852191413346,170.93528700813084,166.0946622706649,156.13142516181017,157.92692496058595
2026-03-06T12:54:32.349727,308,Jumping Jacks,101,0.598|0.578,168.10871335767948,156.9969435149541,25.49463174823459,21.875097132349843,176.35035301035535,173.3229074375709,162.76898456421006,160.6685812634444,147.00105558078934,123.37249893639397
2026-03-06T12:54:32.458167,309,Jumping Jacks,101,0.598|0.578,166.1508173999437,172.09483915560094,21.28617331018809,23.880713651009717,171.85056034384115,173.1352105278163,164.35043822989428,159.05097925849836,154.0072061722256,127.73643943946757
2026-03-06T12:54:32.563465,310,Jumping Jacks,101,0.598|0.578,148.82609272160553,154.6223755444182,28.9305911870349,26.96222520175749,168.7988006850159,174.5990904230506,169.8194586023137,171.88969136803354,159.7077426952613,157.08095439183072
2026-03-06T12:54:32.657379,311,Jumping Jacks,101,0.598|0.578,127.56291533617124,130.90541043280587,55.39926930356865,49.4727145999828,162.0557917640069,169.55221422435557,168.73184898179287,174.07418815134125,157.74543627388508,158.99511919804323
2026-03-06T12:54:32.756427,312,Jumping Jacks,101,0.598|0.578,111.22441674380055,109.84143239371551,78.34386766456974,77.09158960850543,154.26704937772251,157.6968330271636,172.9055874187979,173.66482021619342,165.29253305274486,158.55871595133803
2026-03-06T12:54:32.853269,313,Jumping Jacks,101,0.598|0.578,86.6699018634718,70.23911370346606,117.82077268845885,119.86466386157294,151.32376469064414,143.17678713581086,171.92486471406818,175.8167555385935,161.7344906780083,170.39053151586793
2026-03-06T12:54:32.956504,314,Jumping Jacks,101,0.598|0.578,76.24493794817701,70.66524084986766,115.05501562954325,119.64393107346432,152.02330585221262,144.14557323245285,174.8674881071796,179.68074388177257,164.79794442487042,169.8000864174538
2026-03-06T12:54:33.061208,315,Jumping Jacks,101,0.598|0.578,114.7509665161267,123.08184539980284,92.52315498889257,101.70637280387173,156.5627488931115,145.87643786786438,176.65549911727177,179.52769820316394,169.5333239565857,166.5610823008939
2026-03-06T12:54:33.149573,316,Jumping Jacks,101,0.598|0.578,146.78308409383945,134.2012263220281,69.29163873004757,74.44678234506496,161.7625952886938,156.0695447426255,173.45098883466684,174.7741510945668,178.50808248919535,176.2539908341211
2026-03-06T12:54:33.250340,317,Jumping Jacks,101,0.598|0.578,163.46851678001178,22.755226145840627,44.37826050706942,42.75966476290903,163.40309168242288,166.19217690348938,175.7730479341546,179.4563511068898,154.69350504933644,176.6691837259488
2026-03-06T12:54:33.357766,318,Jumping Jacks,101,0.598|0.578,179.73802546533815,158.49413724666778,28.314242807409506,21.136021690836873,167.13606413166477,174.50732724276,170.23066106191015,177.6060356365146,158.0786929776787,162.00173129707034
2026-03-06T12:54:33.458968,319,Jumping Jacks,101,0.598|0.578,169.31094701647874,156.74593907992156,25.520353687967223,20.712766959455312,168.39502777906245,174.3637380237943,164.80376435357522,174.91199552836426,153.3168962073964,160.22905490022282
2026-03-06T12:54:33.552880,320,Jumping Jacks,101,0.598|0.578,141.03442791415958,67.10209826106086,27.96927691960891,28.39332479005055,170.09363158060452,172.0081332327946,165.12801825242244,178.346003307219,146.42978441657274,174.651136551866
2026-03-06T12:54:33.658389,321,Jumping Jacks,101,0.598|0.578,124.24529832422395,111.62403793968353,59.55343816129069,51.50333176075964,165.49975860807635,167.76595688887335,167.80369603083966,169.91311328551365,167.18517478168013,167.34952204511566
2026-03-06T12:54:33.758247,322,Jumping Jacks,101,0.598|0.578,109.84185909324651,105.88563974006873,90.62481680076849,84.38364451085562,155.48085569966474,158.5467107785189,169.8001671585831,170.73024508056875,163.3941403205611,167.7295746363578
2026-03-06T12:54:33.860875,323,Jumping Jacks,101,0.598|0.578,65.30897673863694,59.97737601461914,121.77832468539212,116.78344675054312,149.15464050677323,144.85381118274105,162.21451931128297,175.75715032281434,147.49069438486686,174.69451916703227
2026-03-06T12:54:33.958802,324,Jumping Jacks,101,0.598|0.578,55.130041545089924,54.960356608362524,127.24712464239123,121.73250746064103,149.3270232014569,142.7628116714912,159.47865765509704,170.73585430085103,135.90262933990402,170.76061484589334
2026-03-06T12:54:34.050993,325,Jumping Jacks,101,0.598|0.578,106.91981753121046,121.626727903294,113.55397322366912,105.4807679789561,149.08371601827045,143.64996986409952,167.17709976369008,167.7654476034683,150.93517376153955,166.06574567311083
2026-03-06T12:54:34.160688,326,Jumping Jacks,101,0.598|0.578,154.7514611242837,55.38631932412392,90.95988962117737,83.77113411263174,157.28732224354718,157.53261776860924,168.00888223247338,177.21354565400839,174.92422794276112,155.50665883852642
2026-03-06T12:54:34.248265,327,Jumping Jacks,101,0.598|0.578,148.2613305782275,10.761062540843941,69.162158159828,62.76447876939798,164.8530180782402,167.17747195588368,168.21841613449175,178.67948541467507,159.1655757414453,167.06088083472346
2026-03-06T12:54:34.362971,328,Jumping Jacks,101,0.598|0.578,176.51212946100614,161.64570940295906,35.42359667634977,37.83094907281588,172.51154676448726,173.67740751880228,167.34940379329177,168.4258353110411,172.7122375081883,154.52149517120762
2026-03-06T12:54:34.456730,329,Jumping Jacks,101,0.598|0.578,176.51212946100614,161.64570940295906,35.42359667634977,37.83094907281588,172.51154676448726,173.67740751880228,167.34940379329177,168.4258353110411,172.7122375081883,154.52149517120762
2026-03-06T12:54:34.564404,330,Jumping Jacks,101,0.598|0.578,178.37922151190614,169.06698822051695,28.695921899882592,29.20397509766472,171.59572230888924,173.83232768427965,169.28422757340812,171.08004759968853,170.32005596579927,152.97639679426447
2026-03-06T12:54:34.653924,331,Jumping Jacks,101,0.598|0.578,145.12435749185266,142.5381271579456,53.30817419024902,50.06990935453388,165.49308699908372,169.07132421815732,170.49896902471494,176.9505281218475,154.06247589634432,155.7789492774353
2026-03-06T12:54:34.762653,332,Jumping Jacks,101,0.598|0.578,123.61120129930924,125.21590449361807,86.0365356899967,83.01220041670058,156.05498471458512,159.69552295834077,170.81382791411,173.50049551501644,158.8769453402491,171.48458778203934
2026-03-06T12:54:34.873073,333,Jumping Jacks,101,0.598|0.578,84.56524256163918,82.59871793924178,114.65107933880002,112.54957447695557,143.7773223653128,148.98223833026034,170.1043458844271,172.75283849077286,156.2155810622816,171.47229717835214
2026-03-06T12:54:34.964184,334,Jumping Jacks,101,0.598|0.578,55.07758415532719,70.05270603344312,138.60544335326966,138.92206681321008,146.31639430347738,139.5932377072479,164.4320787508362,177.10066941019718,146.38722862305588,176.4726584917138
2026-03-06T12:54:35.060071,335,Jumping Jacks,101,0.598|0.578,76.08973772711325,81.60592147646658,137.87742306383007,134.3095520680888,155.88859855835872,137.95106885886892,159.34998122430903,179.96725647933815,156.38930877486004,179.29261463777107
2026-03-06T12:54:35.160515,336,Jumping Jacks,101,0.598|0.578,114.08871451570515,146.6900263086743,103.9616392831837,106.05079449478606,159.56622879451254,145.06370590690887,163.26953795379492,175.82961711858457,160.24599529946994,177.82960529135303
2026-03-06T12:54:35.256862,337,Jumping Jacks,101,0.598|0.578,149.5160440019383,171.17052063628032,87.9983241129018,88.96560635953423,167.34474705677303,160.37217280844163,172.0413519823223,172.84565187248316,177.22270151480816,171.27186526750603
2026-03-06T12:54:35.358525,338,Jumping Jacks,101,0.598|0.578,160.78047184617213,171.7920088098213,67.58930329416269,58.583471358092424,176.2839021037203,171.78849520962385,179.1931757885699,173.29272907888597,173.4670696133371,173.72935794097972
2026-03-06T12:54:35.462477,339,Jumping Jacks,101,0.598|0.578,165.98662371047882,179.1035924219062,36.11619673683618,28.514058088341365,177.73127233290845,174.9469278211158,175.9929689231247,175.52753085312477,159.73590442640594,170.4159063663902
2026-03-06T12:54:35.564417,340,Jumping Jacks,101,0.598|0.578,176.13490427366023,172.5074427749778,21.43096982913425,21.212995291274837,171.04728862917017,179.31678195200533,170.437980604046,169.6706945886651,142.9146532162108,179.4410479890705
2026-03-06T12:54:35.654593,341,Jumping Jacks,101,0.598|0.578,176.53008446909243,168.48338193842497,26.49840016184756,31.537806814999556,169.4332675155776,178.1728665647298,171.42394659026564,170.39459829570174,142.78728567454948,163.9292544304119
2026-03-06T12:54:35.758728,342,Jumping Jacks,101,0.598|0.578,163.00164197881452,155.72565387611,30.040421209763547,45.76192156677627,172.01721036945378,178.3110144548991,173.46496273037368,168.1754929490076,149.0164219822977,166.82125447027818
2026-03-06T12:54:35.859910,343,Jumping Jacks,101,0.598|0.578,152.07036308777907,168.4276862613056,32.65627132978122,54.267740952397695,176.4784886061254,177.75150340190677,174.45559228028105,169.50441681892698,142.99947197016988,155.72294653946898
2026-03-06T12:54:35.972272,344,Jumping Jacks,101,0.598|0.578,142.9656196860512,175.27996672380104,27.063338511423694,49.10718815724777,179.77670591916336,177.639421313029,176.08782989651937,169.22266849290415,143.45898623417847,155.11455679907712
2026-03-06T12:54:36.073415,345,Jumping Jacks,101,0.598|0.578,133.54515496834557,167.94443400512623,18.28712419002787,34.192279287814465,179.68577187517462,177.70081505487173,179.22466899144987,167.46922143499287,147.60886621945141,140.7115003796164
2026-03-06T12:54:36.170493,346,Jumping Jacks,101,0.598|0.578,133.54515496834557,167.94443400512623,18.28712419002787,34.192279287814465,179.68577187517462,177.70081505487173,179.22466899144987,167.46922143499287,147.60886621945141,140.7115003796164
2026-03-06T12:54:36.262564,347,Jumping Jacks,101,0.598|0.578,146.91032653544173,121.42323979660199,2.2257596980336074,7.842904540289864,173.86284766980052,171.81578851860328,173.90172829149415,179.17350795464637,143.37559325185615,138.64406505711233
2026-03-06T12:54:36.375027,348,Jumping Jacks,101,0.598|0.578,127.01458019653602,110.44446930052581,4.506931561843256,5.616418492815326,173.3037086848423,171.9906622155324,175.04872726730665,176.88553252195882,137.57541710765085,135.47084588259594
2026-03-06T12:54:36.466824,349,Jumping Jacks,101,0.598|0.578,128.93963185849927,109.70681129584848,4.994010548555852,1.6589190612292462,176.9309757567381,173.32872183936186,174.65466439805752,173.5515202726556,111.44390187067992,121.77312825823286
2026-03-06T12:54:36.567771,350,Jumping Jacks,101,0.598|0.578,133.7263939220996,107.10866042621099,9.532188281868793,5.613225446790872,170.70901878495056,176.41627833552278,159.48954825465077,173.93652330804295,100.99843514955305,126.03101265059053
2026-03-06T12:54:36.672106,351,Jumping Jacks,101,0.598|0.578,105.41393835706911,106.24784599630806,8.178345116968782,24.12866100733842,161.0575976301744,179.74279898468833,157.90984053597748,174.6177391940647,104.22248283425891,127.59550180224709
2026-03-06T12:54:36.767537,352,Jumping Jacks,101,0.598|0.578,101.91016824837583,105.37865759324043,1.3986816573011498,34.30405066468672,160.10417385798334,176.67132440607514,160.31532845480675,177.2448591126148,105.64251431564128,120.4831430715551
2026-03-06T12:54:36.879868,353,Jumping Jacks,101,0.598|0.578,103.24313864976143,104.79316667889462,19.75226184088106,29.964696241134906,166.5198178330399,178.8211079289764,168.102246380546,176.26179919043526,108.60513261972812,116.80604427636864
2026-03-06T12:54:36.975953,354,Jumping Jacks,101,0.598|0.578,112.10611959531083,110.98944279413475,0.9029865556978256,13.52718129247503,177.07789382783153,171.36850184359656,179.94262503399017,165.46867184800524,108.31137213362524,104.29770248211399
2026-03-06T12:54:37.067516,355,Jumping Jacks,101,0.598|0.578,115.81332143199728,119.23112071585132,11.715362211488504,5.654615225934004,176.01825153627607,171.81016726797665,172.61659139808026,152.38475463462908,96.90082044533247,92.94832852859732
2026-03-06T12:54:37.150493,356,Jumping Jacks,101,0.598|0.578,140.19047622733194,137.09660149348596,9.754770265814896,13.318811302558982,176.72794305966954,171.24003370003206,153.1800469879002,169.59947015848675,82.31620584335091,98.43822542086498